date,system_id,month,run_id,api_error_rate,p95_latency_ms,tokens_per_request,cost_per_request_usd,task_accuracy_eval_set,input_drift_ks_stat,output_drift_psi,faithfulness_available,toxicity_available,explanation_available,iq_coverage_score,fc_coverage_score,sf_coverage_score,ss_coverage_score,ti_coverage_score,ro_coverage_score
2024-10-01,S1,1,mlflow-S1-0001,0.00198,1151.2,801.3,0.00243,0.8054,0.0761,0.0187,False,False,False,0.782,0.5167,0.2687,0.625,0.2226,0.4534
2024-10-01,S2,1,mlflow-S2-0001,0.00044,2678.8,643.7,0.00139,0.8261,0.0075,0.0181,False,False,False,0.7962,0.5286,0.2621,0.6114,0.2102,0.4511
2024-10-01,S3,1,mlflow-S3-0001,0.00312,2045.2,895.4,0.00174,0.7936,0.0338,0.0227,False,False,False,0.7949,0.4925,0.2724,0.6014,0.2093,0.445
2024-10-01,S4,1,mlflow-S4-0001,0.00202,1887.6,760.7,0.00112,0.835,0.0864,0.0607,False,False,False,0.7861,0.4945,0.2692,0.6232,0.1782,0.426
2024-10-02,S1,1,mlflow-S1-0002,0.00049,1442.3,847.3,0.00179,0.8048,0.015,0.0151,False,False,False,0.7648,0.5135,0.2818,0.605,0.1898,0.4123
2024-10-02,S2,1,mlflow-S2-0002,0.0015,1248.9,651.7,0.00141,0.812,0.0904,0.0005,False,False,False,0.773,0.4912,0.2857,0.6439,0.1883,0.4135
2024-10-02,S3,1,mlflow-S3-0002,0.00083,1878.9,812.9,0.00236,0.7998,0.1325,0.024,False,False,False,0.7441,0.5221,0.3007,0.5981,0.1942,0.4578
2024-10-02,S4,1,mlflow-S4-0002,0.00154,2279.5,663.6,0.00153,0.822,0.018,0.0567,False,False,False,0.7877,0.5174,0.2931,0.6136,0.2058,0.4196
2024-10-03,S1,1,mlflow-S1-0003,0.00092,1862.6,964.5,0.0024,0.806,0.1115,0.0932,False,False,False,0.765,0.5179,0.2665,0.5981,0.1866,0.4191
2024-10-03,S2,1,mlflow-S2-0003,0.00122,1474.7,632.0,0.00152,0.818,0.0805,0.0332,False,False,False,0.7458,0.5421,0.2571,0.6119,0.1713,0.4156
2024-10-03,S3,1,mlflow-S3-0003,0.00239,1938.3,923.6,0.00233,0.8231,0.05,0.0515,False,False,False,0.7942,0.5207,0.2898,0.622,0.1604,0.4073
2024-10-03,S4,1,mlflow-S4-0003,0.00213,1843.5,708.8,0.00205,0.8163,0.1006,0.0175,False,False,False,0.7849,0.5339,0.3053,0.6164,0.2045,0.4353
2024-10-04,S1,1,mlflow-S1-0004,0.00307,2484.2,777.8,0.00162,0.8517,0.0149,0.0215,False,False,False,0.7561,0.5287,0.2912,0.6502,0.1882,0.448
2024-10-04,S2,1,mlflow-S2-0004,0.00365,1369.8,657.3,0.00214,0.8085,0.0337,0.033,False,False,False,0.767,0.4919,0.2544,0.6177,0.1925,0.4496
2024-10-04,S3,1,mlflow-S3-0004,0.00252,1927.2,897.6,0.00154,0.81,0.022,0.0467,False,False,False,0.7829,0.5058,0.2763,0.615,0.1669,0.447
2024-10-04,S4,1,mlflow-S4-0004,0.00277,2078.7,729.7,0.0025,0.7823,0.018,0.0715,False,False,False,0.7509,0.5073,0.3037,0.6166,0.1946,0.4657
2024-10-05,S1,1,mlflow-S1-0005,0.00224,1515.1,760.3,0.00156,0.8222,0.1233,0.0219,False,False,False,0.7762,0.4956,0.2821,0.6203,0.1774,0.4447
2024-10-05,S2,1,mlflow-S2-0005,0.00128,1976.3,782.9,0.00216,0.7945,0.0071,0.0041,False,False,False,0.7528,0.4848,0.2724,0.6274,0.2064,0.454
2024-10-05,S3,1,mlflow-S3-0005,0.00196,2389.4,817.7,0.00222,0.8152,0.1193,0.0016,False,False,False,0.7494,0.5148,0.2576,0.5926,0.2085,0.4296
2024-10-05,S4,1,mlflow-S4-0005,0.00286,1537.9,744.8,0.00191,0.7809,0.0717,0.0699,False,False,False,0.7407,0.5202,0.2873,0.6218,0.1753,0.4406
2024-10-06,S1,1,mlflow-S1-0006,0.00053,1655.1,822.1,0.00171,0.822,0.0018,0.0236,False,False,False,0.7761,0.5291,0.2704,0.623,0.1955,0.4349
2024-10-06,S2,1,mlflow-S2-0006,0.00213,1153.1,805.9,0.00154,0.8041,0.0258,0.0655,False,False,False,0.8049,0.4976,0.2663,0.5934,0.1987,0.4579
2024-10-06,S3,1,mlflow-S3-0006,0.00227,1567.7,926.1,0.00214,0.8056,0.0058,0.0066,False,False,False,0.7747,0.51,0.2805,0.6473,0.2467,0.4335
2024-10-06,S4,1,mlflow-S4-0006,0.00108,1484.9,720.7,0.00119,0.8164,0.0316,0.0091,False,False,False,0.7619,0.5468,0.2959,0.6006,0.2057,0.4263
2024-10-07,S1,1,mlflow-S1-0007,0.00148,1677.7,889.1,0.00172,0.8186,0.0816,0.0152,False,False,False,0.7748,0.4967,0.3266,0.6264,0.1426,0.4561
2024-10-07,S2,1,mlflow-S2-0007,0.00071,1388.4,675.1,0.00263,0.8146,0.0168,0.0835,False,False,False,0.7915,0.5047,0.2542,0.6165,0.1998,0.4317
2024-10-07,S3,1,mlflow-S3-0007,0.00329,1975.1,935.1,0.00197,0.8222,0.0691,0.0579,False,False,False,0.7633,0.5477,0.2823,0.6101,0.1988,0.4129
2024-10-07,S4,1,mlflow-S4-0007,0.00035,2416.7,733.2,0.00154,0.8227,0.0499,0.0244,False,False,False,0.7987,0.5001,0.2998,0.5974,0.2001,0.461
2024-10-08,S1,1,mlflow-S1-0008,0.00247,1653.6,841.1,0.00236,0.8114,0.0316,0.0881,False,False,False,0.7979,0.4967,0.2536,0.5843,0.1677,0.4243
2024-10-08,S2,1,mlflow-S2-0008,0.00192,1384.9,717.7,0.00055,0.8228,0.1286,0.0608,False,False,False,0.7124,0.5133,0.294,0.6018,0.1946,0.4558
2024-10-08,S3,1,mlflow-S3-0008,0.00369,1979.4,798.2,0.00208,0.8,0.0012,0.0121,False,False,False,0.7586,0.5406,0.2754,0.5804,0.1976,0.4437
2024-10-08,S4,1,mlflow-S4-0008,0.00205,1567.5,658.4,0.00171,0.8099,0.0561,0.0111,False,False,False,0.7429,0.5149,0.2644,0.6275,0.1976,0.4601
2024-10-09,S1,1,mlflow-S1-0009,0.00064,2223.4,824.2,0.00231,0.8378,0.0769,0.0031,False,False,False,0.7791,0.5082,0.2946,0.5922,0.1981,0.4608
2024-10-09,S2,1,mlflow-S2-0009,0.00401,2120.4,783.1,0.00226,0.8411,0.1556,0.0027,False,False,False,0.7382,0.5066,0.2837,0.5935,0.166,0.4201
2024-10-09,S3,1,mlflow-S3-0009,0.00077,2073.8,945.2,0.00234,0.7921,0.0166,0.0429,False,False,False,0.7756,0.4935,0.2997,0.624,0.1836,0.4401
2024-10-09,S4,1,mlflow-S4-0009,0.00206,2318.2,584.9,0.00221,0.8449,0.0293,0.025,False,False,False,0.7735,0.4916,0.2693,0.5895,0.1864,0.3882
2024-10-10,S1,1,mlflow-S1-0010,0.0014,1967.5,811.1,0.00179,0.838,0.1262,0.0369,False,False,False,0.7941,0.475,0.2631,0.6207,0.1952,0.4324
2024-10-10,S2,1,mlflow-S2-0010,0.00286,1739.2,748.1,0.00176,0.8075,0.15,0.0338,False,False,False,0.7526,0.5302,0.3002,0.6056,0.1917,0.434
2024-10-10,S3,1,mlflow-S3-0010,0.00179,1362.4,932.3,0.00172,0.8306,0.0233,0.0145,False,False,False,0.7744,0.5282,0.2626,0.6298,0.1933,0.4308
2024-10-10,S4,1,mlflow-S4-0010,0.00158,1786.4,709.0,0.00141,0.7856,0.022,0.0351,False,False,False,0.764,0.5374,0.3059,0.6381,0.219,0.4353
2024-10-11,S1,1,mlflow-S1-0011,0.00257,1595.4,695.7,0.0022,0.8046,0.0161,0.1243,False,False,False,0.788,0.506,0.2682,0.5869,0.1737,0.4131
2024-10-11,S2,1,mlflow-S2-0011,0.00103,1376.1,699.5,0.00183,0.8372,0.1401,0.0223,False,False,False,0.7522,0.5168,0.279,0.627,0.2268,0.43
2024-10-11,S3,1,mlflow-S3-0011,0.00253,1575.1,853.7,0.00201,0.8628,0.0912,0.0067,False,False,False,0.7704,0.4949,0.287,0.6103,0.1924,0.4156
2024-10-11,S4,1,mlflow-S4-0011,0.00273,1520.9,661.4,0.00242,0.848,0.06,0.0311,False,False,False,0.7683,0.5309,0.2822,0.6439,0.2207,0.4105
2024-10-12,S1,1,mlflow-S1-0012,0.00167,1574.8,826.0,0.00109,0.7865,0.0816,0.017,False,False,False,0.7851,0.4919,0.259,0.6061,0.2177,0.4315
2024-10-12,S2,1,mlflow-S2-0012,0.00218,2153.3,729.0,0.00209,0.8285,0.0153,0.0787,False,False,False,0.7679,0.4956,0.2936,0.6289,0.1806,0.4445
2024-10-12,S3,1,mlflow-S3-0012,0.00308,794.5,773.8,0.0022,0.8014,0.1349,0.0162,False,False,False,0.768,0.5112,0.2724,0.5972,0.1924,0.4501
2024-10-12,S4,1,mlflow-S4-0012,0.00045,1872.2,657.5,0.00204,0.805,0.0115,0.0536,False,False,False,0.7696,0.5048,0.2467,0.6184,0.1338,0.4225
2024-10-13,S1,1,mlflow-S1-0013,0.00051,1877.1,813.2,0.00241,0.816,0.017,0.056,False,False,False,0.7607,0.5094,0.3085,0.6232,0.2297,0.4392
2024-10-13,S2,1,mlflow-S2-0013,0.00147,2122.2,756.1,0.00186,0.8308,0.0066,0.0249,False,False,False,0.7707,0.5074,0.3138,0.6191,0.1634,0.4342
2024-10-13,S3,1,mlflow-S3-0013,0.0017,1893.9,872.0,0.00218,0.786,0.1254,0.07,False,False,False,0.7695,0.5368,0.2906,0.5993,0.1562,0.4402
2024-10-13,S4,1,mlflow-S4-0013,0.00252,2325.4,669.9,0.00204,0.7838,0.0485,0.0123,False,False,False,0.763,0.4925,0.3084,0.6421,0.1686,0.432
2024-10-14,S1,1,mlflow-S1-0014,0.00157,2245.4,841.9,0.0023,0.8013,0.1062,0.0149,False,False,False,0.8073,0.5318,0.267,0.6205,0.1949,0.4256
2024-10-14,S2,1,mlflow-S2-0014,0.00275,1792.4,711.4,0.00168,0.8051,0.0061,0.0089,False,False,False,0.7915,0.4829,0.2822,0.6419,0.1764,0.4091
2024-10-14,S3,1,mlflow-S3-0014,0.00107,2037.4,796.7,0.00201,0.8066,0.046,0.0153,False,False,False,0.7625,0.5026,0.2789,0.6154,0.1809,0.4394
2024-10-14,S4,1,mlflow-S4-0014,0.00152,1663.8,682.1,0.00114,0.8036,0.0534,0.0511,False,False,False,0.7654,0.4953,0.2618,0.6303,0.2316,0.4499
2024-10-15,S1,1,mlflow-S1-0015,0.0023,2137.2,845.7,0.00187,0.8222,0.0269,0.1102,False,False,False,0.7532,0.4934,0.2897,0.6004,0.154,0.4294
2024-10-15,S2,1,mlflow-S2-0015,0.00229,2030.8,728.2,0.0032,0.8027,0.1054,0.0461,False,False,False,0.7573,0.5074,0.2651,0.6075,0.1811,0.4211
2024-10-15,S3,1,mlflow-S3-0015,0.00199,1489.3,916.2,0.00244,0.8061,0.069,0.0526,False,False,False,0.7343,0.5163,0.2909,0.5952,0.2005,0.4692
2024-10-15,S4,1,mlflow-S4-0015,0.00501,1538.1,696.3,0.00139,0.8766,0.0349,0.043,False,False,False,0.7719,0.4889,0.2759,0.5829,0.1772,0.4246
2024-10-16,S1,1,mlflow-S1-0016,0.00222,1118.5,826.7,0.00328,0.801,0.0261,0.0212,False,False,False,0.7136,0.4901,0.2663,0.6269,0.1893,0.4256
2024-10-16,S2,1,mlflow-S2-0016,0.00267,1838.7,701.8,0.00233,0.7925,0.0165,0.0627,False,False,False,0.7272,0.4942,0.2831,0.6146,0.1833,0.4386
2024-10-16,S3,1,mlflow-S3-0016,0.00111,2093.8,869.7,0.00291,0.8369,0.0441,0.0708,False,False,False,0.7539,0.5041,0.245,0.6274,0.2231,0.4203
2024-10-16,S4,1,mlflow-S4-0016,0.00078,2137.5,643.1,0.00175,0.8508,0.0287,0.0093,False,False,False,0.8022,0.5218,0.2587,0.6401,0.1552,0.4501
2024-10-17,S1,1,mlflow-S1-0017,0.00249,1643.0,791.1,0.00144,0.8546,0.01,0.0315,False,False,False,0.7815,0.5341,0.2864,0.6239,0.2091,0.4312
2024-10-17,S2,1,mlflow-S2-0017,0.00232,1765.4,660.4,0.00137,0.829,0.0567,0.0011,False,False,False,0.765,0.5294,0.2856,0.6161,0.1843,0.4272
2024-10-17,S3,1,mlflow-S3-0017,0.00166,1874.9,773.8,0.00199,0.8274,0.0315,0.0539,False,False,False,0.7616,0.5024,0.2692,0.5857,0.1683,0.4302
2024-10-17,S4,1,mlflow-S4-0017,0.00239,1844.4,636.4,0.00219,0.816,0.0396,0.0463,False,False,False,0.7598,0.5243,0.2763,0.6075,0.17,0.4858
2024-10-18,S1,1,mlflow-S1-0018,0,1191.6,803.8,0.0021,0.8555,0.0411,0.015,False,False,False,0.7884,0.5119,0.2409,0.6151,0.1943,0.4734
2024-10-18,S2,1,mlflow-S2-0018,0.00128,2177.2,642.0,0.00277,0.8227,0.067,0.0352,False,False,False,0.7836,0.512,0.2669,0.6068,0.1747,0.4277
2024-10-18,S3,1,mlflow-S3-0018,0.00039,1851.7,908.9,0.0026,0.8463,0.0122,0.0077,False,False,False,0.7649,0.5178,0.2943,0.6168,0.1631,0.4576
2024-10-18,S4,1,mlflow-S4-0018,0.00248,2097.2,682.6,0.00187,0.8588,0.0856,0.0844,False,False,False,0.8099,0.5148,0.2714,0.5983,0.1499,0.4673
2024-10-19,S1,1,mlflow-S1-0019,0.00271,1953.0,871.2,0.00154,0.8292,0.0869,0.1102,False,False,False,0.7819,0.5249,0.282,0.5923,0.1867,0.4208
2024-10-19,S2,1,mlflow-S2-0019,0.00236,1640.4,748.2,0.00174,0.8096,0.0935,0.008,False,False,False,0.7806,0.4841,0.3104,0.581,0.1919,0.4255
2024-10-19,S3,1,mlflow-S3-0019,0.00124,1717.7,921.8,0.00287,0.8153,0.0286,0.0939,False,False,False,0.8043,0.4887,0.2618,0.6121,0.2047,0.4605
2024-10-19,S4,1,mlflow-S4-0019,0.00417,2026.2,656.0,0.00167,0.8164,0.0644,0.0477,False,False,False,0.7823,0.4721,0.2687,0.6391,0.1793,0.4284
2024-10-20,S1,1,mlflow-S1-0020,0.00473,1777.8,901.2,0.00292,0.8352,0.0348,0.114,False,False,False,0.7528,0.5229,0.2918,0.6334,0.1679,0.434
2024-10-20,S2,1,mlflow-S2-0020,0,1535.2,736.5,0.00091,0.8363,0.1465,0.0718,False,False,False,0.7648,0.5444,0.29,0.6179,0.1922,0.4026
2024-10-20,S3,1,mlflow-S3-0020,0.00186,2186.0,864.3,0.00236,0.8128,0.0697,0.0216,False,False,False,0.7489,0.4828,0.2796,0.6054,0.1712,0.4439
2024-10-20,S4,1,mlflow-S4-0020,0.00107,1927.7,704.9,0.00283,0.8268,0.0632,0.0037,False,False,False,0.7419,0.5271,0.3136,0.6075,0.2319,0.4485
2024-10-21,S1,1,mlflow-S1-0021,0.004,1745.6,785.8,0.00203,0.8055,0.0159,0.0121,False,False,False,0.7733,0.5082,0.2605,0.5994,0.2154,0.4287
2024-10-21,S2,1,mlflow-S2-0021,0.00066,1195.0,693.9,0.00214,0.7964,0.143,0.028,False,False,False,0.8339,0.5274,0.2601,0.6076,0.1876,0.4046
2024-10-21,S3,1,mlflow-S3-0021,0.0006,1757.2,899.5,0.00213,0.8063,0.0408,0.0261,False,False,False,0.7503,0.4856,0.2929,0.6327,0.1981,0.4536
2024-10-21,S4,1,mlflow-S4-0021,0.00347,1341.5,703.9,0.00266,0.8427,0.1142,0.0294,False,False,False,0.7836,0.5255,0.268,0.6138,0.1634,0.413
2024-10-22,S1,1,mlflow-S1-0022,0.00233,2115.4,830.0,0.00277,0.8498,0.0786,0.0051,False,False,False,0.7599,0.5265,0.2944,0.5941,0.2085,0.4036
2024-10-22,S2,1,mlflow-S2-0022,0.00318,1068.2,701.0,0.00165,0.8335,0.0202,0.1096,False,False,False,0.7431,0.4983,0.3037,0.6426,0.2036,0.4585
2024-10-22,S3,1,mlflow-S3-0022,0.00125,1925.0,866.3,0.00146,0.813,0.0285,0.0228,False,False,False,0.7799,0.499,0.2694,0.572,0.2001,0.4279
2024-10-22,S4,1,mlflow-S4-0022,0.00197,1963.7,655.2,0.00152,0.808,0.0275,0.0109,False,False,False,0.7579,0.5012,0.2534,0.6018,0.1551,0.4168
2024-10-23,S1,1,mlflow-S1-0023,0.00254,1851.4,822.2,0.00189,0.838,0.0943,0.0221,False,False,False,0.7557,0.5156,0.277,0.5991,0.1962,0.4171
2024-10-23,S2,1,mlflow-S2-0023,0.00079,1655.1,647.3,0.00207,0.8078,0.1011,0.0182,False,False,False,0.778,0.5063,0.2742,0.6283,0.1846,0.4352
2024-10-23,S3,1,mlflow-S3-0023,0.00087,1967.3,852.9,0.00226,0.8145,0.0602,0.0601,False,False,False,0.7659,0.5008,0.2541,0.635,0.2105,0.3893
2024-10-23,S4,1,mlflow-S4-0023,0,1344.1,687.8,0.00334,0.7964,0.0254,0.0666,False,False,False,0.7601,0.5323,0.2987,0.6094,0.2076,0.4487
2024-10-24,S1,1,mlflow-S1-0024,0.0006,1747.6,798.5,0.00201,0.7957,0.0797,0.0028,False,False,False,0.7699,0.5377,0.2842,0.6386,0.2162,0.4528
2024-10-24,S2,1,mlflow-S2-0024,0,1568.1,733.2,0.00134,0.8094,0.0535,0.0024,False,False,False,0.763,0.5446,0.2716,0.6322,0.189,0.432
2024-10-24,S3,1,mlflow-S3-0024,0.00164,1547.8,848.9,0.00132,0.8322,0.009,0.022,False,False,False,0.7859,0.4892,0.2406,0.6184,0.1625,0.4021
2024-10-24,S4,1,mlflow-S4-0024,0.00216,2089.9,641.1,0.00155,0.8501,0.113,0.0424,False,False,False,0.7786,0.4955,0.2773,0.5928,0.1767,0.4269
2024-10-25,S1,1,mlflow-S1-0025,0.00129,1305.7,865.6,0.0017,0.8359,0.0123,0.1406,False,False,False,0.7812,0.4831,0.2526,0.5921,0.1814,0.3969
2024-10-25,S2,1,mlflow-S2-0025,0.00087,1804.5,631.8,0.00195,0.8247,0.0804,0.0302,False,False,False,0.7717,0.5319,0.2933,0.6057,0.1868,0.4392
2024-10-25,S3,1,mlflow-S3-0025,0.00238,1292.2,906.3,0.00172,0.8427,0.0143,0.0325,False,False,False,0.77,0.5388,0.265,0.5758,0.1849,0.4552
2024-10-25,S4,1,mlflow-S4-0025,0.00359,2109.8,574.0,0.00188,0.8104,0.0141,0.0547,False,False,False,0.7645,0.4863,0.3264,0.6112,0.1796,0.4052
2024-10-26,S1,1,mlflow-S1-0026,0.00296,1975.0,888.1,0.00217,0.8106,0.0582,0.0382,False,False,False,0.7619,0.5237,0.269,0.6157,0.2051,0.4209
2024-10-26,S2,1,mlflow-S2-0026,0.00298,1926.1,729.2,0.00199,0.8235,0.0688,0.0419,False,False,False,0.775,0.5279,0.2754,0.62,0.1854,0.4143
2024-10-26,S3,1,mlflow-S3-0026,0.00201,1915.3,825.6,0.0017,0.8101,0.0146,0.0738,False,False,False,0.7755,0.5152,0.2841,0.5988,0.1956,0.4079
2024-10-26,S4,1,mlflow-S4-0026,0.00124,2039.7,613.6,0.00168,0.8084,0.052,0.072,False,False,False,0.7582,0.4883,0.3131,0.6045,0.1796,0.4323
2024-10-27,S1,1,mlflow-S1-0027,0.00286,1178.1,776.0,0.00211,0.8074,0.1154,0.0354,False,False,False,0.7731,0.5165,0.3192,0.5772,0.1604,0.4058
2024-10-27,S2,1,mlflow-S2-0027,0.00297,1531.2,634.1,0.00241,0.8052,0.0892,0.0107,False,False,False,0.7568,0.5279,0.2963,0.64,0.1817,0.4236
2024-10-27,S3,1,mlflow-S3-0027,0.00347,2133.5,872.9,0.00157,0.7991,0.1145,0.0495,False,False,False,0.7659,0.4862,0.2944,0.5584,0.174,0.4164
2024-10-27,S4,1,mlflow-S4-0027,0.00261,1956.8,618.5,0.00211,0.7991,0.0233,0.061,False,False,False,0.7726,0.5394,0.3208,0.6317,0.1694,0.4196
2024-10-28,S1,1,mlflow-S1-0028,0.00107,1616.9,742.6,0.00168,0.8424,0.1787,0.0217,False,False,False,0.7741,0.5235,0.2484,0.5931,0.2061,0.4253
2024-10-28,S2,1,mlflow-S2-0028,0.00163,2056.3,614.7,0.00258,0.8038,0.0451,0.0,False,False,False,0.7846,0.5298,0.2598,0.6267,0.2001,0.4585
2024-10-28,S3,1,mlflow-S3-0028,0.00147,2156.3,896.4,0.00178,0.84,0.0298,0.0457,False,False,False,0.768,0.5122,0.2814,0.6303,0.1883,0.4416
2024-10-28,S4,1,mlflow-S4-0028,0.0026,1542.2,726.2,0.00274,0.8302,0.0325,0.0426,False,False,False,0.7958,0.4793,0.2829,0.641,0.1762,0.4408
2024-10-29,S1,1,mlflow-S1-0029,0.00127,1997.5,759.2,0.00179,0.8072,0.0081,0.0851,False,False,False,0.8002,0.5162,0.2702,0.6398,0.1895,0.4351
2024-10-29,S2,1,mlflow-S2-0029,0.00229,2277.2,717.9,0.00147,0.8218,0.0336,0.0013,False,False,False,0.757,0.4938,0.2461,0.6196,0.1733,0.4171
2024-10-29,S3,1,mlflow-S3-0029,0.00251,2123.8,808.2,0.00182,0.8121,0.0405,0.052,False,False,False,0.754,0.5184,0.2679,0.5894,0.1898,0.4117
2024-10-29,S4,1,mlflow-S4-0029,0.00173,2185.1,671.2,0.00193,0.8106,0.1217,0.0089,False,False,False,0.7903,0.5353,0.3371,0.6041,0.194,0.408
2024-10-30,S1,1,mlflow-S1-0030,0.00385,2097.5,878.0,0.0023,0.8173,0.203,0.0625,False,False,False,0.7834,0.5152,0.2635,0.6274,0.196,0.434
2024-10-30,S2,1,mlflow-S2-0030,0.00089,1463.4,705.5,0.00195,0.7992,0.1388,0.0219,False,False,False,0.7687,0.5152,0.3094,0.5945,0.1863,0.4045
2024-10-30,S3,1,mlflow-S3-0030,0.00305,1927.8,867.9,0.00214,0.8563,0.0088,0.0292,False,False,False,0.7584,0.5306,0.2918,0.6196,0.177,0.4409
2024-10-30,S4,1,mlflow-S4-0030,0.0026,1831.8,673.4,0.00224,0.828,0.0384,0.0156,False,False,False,0.7357,0.5219,0.2778,0.641,0.1543,0.4334
2024-10-31,S1,1,mlflow-S1-0031,0.00259,1590.4,854.1,0.00214,0.8306,0.0187,0.1588,False,False,False,0.7716,0.5119,0.2654,0.5835,0.2005,0.4379
2024-10-31,S2,1,mlflow-S2-0031,0.00358,1558.0,769.3,0.00201,0.8101,0.0399,0.0438,False,False,False,0.7595,0.5414,0.2804,0.5853,0.1672,0.4514
2024-10-31,S3,1,mlflow-S3-0031,0.00145,1826.7,865.3,0.00194,0.8396,0.0386,0.0555,False,False,False,0.724,0.5076,0.2747,0.6348,0.1759,0.4505
2024-10-31,S4,1,mlflow-S4-0031,0.00171,2316.2,631.3,0.0018,0.8336,0.0951,0.0422,False,False,False,0.7433,0.5318,0.2798,0.5774,0.1788,0.423
2024-11-01,S1,2,mlflow-S1-0032,0.0012,2191.8,856.8,0.00257,0.8024,0.1336,0.0226,False,False,False,0.7707,0.5273,0.2932,0.6131,0.206,0.4315
2024-11-01,S2,2,mlflow-S2-0032,0.00221,2393.5,774.5,0.00147,0.7884,0.1086,0.0218,False,False,False,0.7674,0.5002,0.2865,0.6017,0.1662,0.3943
2024-11-01,S3,2,mlflow-S3-0032,0,1483.7,921.2,0.00153,0.8195,0.0897,0.0657,False,False,False,0.7589,0.5242,0.2725,0.5712,0.2091,0.4322
2024-11-01,S4,2,mlflow-S4-0032,0.00112,1861.8,696.7,0.00208,0.8006,0.014,0.0153,False,False,False,0.7851,0.5057,0.2583,0.6185,0.2147,0.4181
2024-11-02,S1,2,mlflow-S1-0033,0.00251,2114.5,882.9,0.00267,0.8257,0.1126,0.0676,False,False,False,0.7535,0.5162,0.2847,0.5963,0.1834,0.3898
2024-11-02,S2,2,mlflow-S2-0033,0.00271,2054.7,767.5,0.00267,0.8079,0.0128,0.0772,False,False,False,0.7916,0.4952,0.2328,0.6054,0.1686,0.4313
2024-11-02,S3,2,mlflow-S3-0033,0.00297,1365.9,873.7,0.00139,0.8696,0.0041,0.0238,False,False,False,0.7491,0.4673,0.2608,0.5909,0.2135,0.407
2024-11-02,S4,2,mlflow-S4-0033,0.00283,1926.4,674.4,0.00076,0.809,0.0777,0.0269,False,False,False,0.773,0.4813,0.2825,0.6151,0.1803,0.4387
2024-11-03,S1,2,mlflow-S1-0034,0.00129,1197.7,797.8,0.00165,0.8444,0.0576,0.0025,False,False,False,0.7591,0.5212,0.3099,0.5907,0.1772,0.453
2024-11-03,S2,2,mlflow-S2-0034,0.00248,1668.5,767.8,0.00228,0.8011,0.022,0.0004,False,False,False,0.8031,0.5221,0.2897,0.6127,0.2004,0.4022
2024-11-03,S3,2,mlflow-S3-0034,0.00055,1916.8,880.0,0.0018,0.78,0.087,0.0269,False,False,False,0.7725,0.4972,0.2614,0.6153,0.187,0.4268
2024-11-03,S4,2,mlflow-S4-0034,0.0015,1845.1,694.1,0.00169,0.8533,0.0471,0.0083,False,False,False,0.739,0.49,0.2984,0.6245,0.1943,0.4165
2024-11-04,S1,2,mlflow-S1-0035,0.00235,1502.1,883.5,0.00069,0.8123,0.0638,0.0647,False,False,False,0.766,0.5347,0.3089,0.6191,0.1572,0.4149
2024-11-04,S2,2,mlflow-S2-0035,0.0015,1920.1,729.0,0.00134,0.8357,0.0812,0.0177,False,False,False,0.7751,0.5074,0.3114,0.6328,0.1636,0.4075
2024-11-04,S3,2,mlflow-S3-0035,0.00315,1834.0,891.4,0.00201,0.8446,0.0617,0.0393,False,False,False,0.7565,0.5221,0.2478,0.6052,0.1773,0.4145
2024-11-04,S4,2,mlflow-S4-0035,0.00106,1197.7,741.9,0.00189,0.8165,0.0401,0.0533,False,False,False,0.7967,0.5014,0.2838,0.5919,0.2047,0.4304
2024-11-05,S1,2,mlflow-S1-0036,0.00291,2048.2,869.1,0.00227,0.8217,0.0994,0.0165,False,False,False,0.8037,0.5013,0.2665,0.6224,0.2235,0.4092
2024-11-05,S2,2,mlflow-S2-0036,0,1615.6,715.0,0.00193,0.8148,0.0402,0.0323,False,False,False,0.7535,0.5172,0.2914,0.5783,0.2216,0.4388
2024-11-05,S3,2,mlflow-S3-0036,0.00255,1715.1,872.7,0.00144,0.8517,0.1132,0.012,False,False,False,0.7436,0.5039,0.2918,0.6021,0.1741,0.4332
2024-11-05,S4,2,mlflow-S4-0036,0.00113,2200.6,727.3,0.00233,0.8058,0.0165,0.0555,False,False,False,0.7281,0.5141,0.3081,0.6462,0.171,0.4355
2024-11-06,S1,2,mlflow-S1-0037,0.00304,2161.8,738.0,0.001,0.8231,0.0399,0.0062,False,False,False,0.7634,0.5356,0.3096,0.5982,0.1932,0.4069
2024-11-06,S2,2,mlflow-S2-0037,0.00374,1378.7,656.5,0.00156,0.799,0.1022,0.1161,False,False,False,0.7752,0.5033,0.2944,0.5919,0.2168,0.4293
2024-11-06,S3,2,mlflow-S3-0037,0.00242,1592.6,849.8,0.00119,0.8204,0.0712,0.0926,False,False,False,0.7498,0.5005,0.2738,0.6082,0.1891,0.4357
2024-11-06,S4,2,mlflow-S4-0037,0.00196,1295.4,695.7,0.0026,0.8252,0.1419,0.0116,False,False,False,0.7795,0.4902,0.2815,0.6355,0.2223,0.4325
2024-11-07,S1,2,mlflow-S1-0038,0.00251,1750.5,809.5,0.00269,0.8392,0.0494,0.0263,False,False,False,0.7993,0.5308,0.2542,0.6318,0.1934,0.4356
2024-11-07,S2,2,mlflow-S2-0038,0,1361.1,759.5,0.00162,0.8362,0.1062,0.0738,False,False,False,0.8082,0.5282,0.2774,0.6145,0.1758,0.4371
2024-11-07,S3,2,mlflow-S3-0038,0.00318,1675.4,884.3,0.00115,0.856,0.0804,0.0015,False,False,False,0.7633,0.5382,0.2699,0.6174,0.1837,0.4115
2024-11-07,S4,2,mlflow-S4-0038,0.00304,1676.3,703.2,0.00183,0.8173,0.0137,0.0327,False,False,False,0.7847,0.5083,0.2973,0.6249,0.2144,0.4202
2024-11-08,S1,2,mlflow-S1-0039,0.00266,1747.7,828.9,0.00164,0.8105,0.0504,0.0171,False,False,False,0.7554,0.527,0.2871,0.5856,0.1921,0.4526
2024-11-08,S2,2,mlflow-S2-0039,0.0031,1638.9,654.5,0.00182,0.8469,0.0595,0.1147,False,False,False,0.7872,0.4656,0.3187,0.6269,0.1821,0.4321
2024-11-08,S3,2,mlflow-S3-0039,0.00266,1652.0,883.2,0.00194,0.815,0.122,0.1019,False,False,False,0.7709,0.4821,0.2764,0.5958,0.2409,0.4197
2024-11-08,S4,2,mlflow-S4-0039,0.00186,1614.5,724.5,0.00174,0.8069,0.1496,0.039,False,False,False,0.7754,0.5582,0.2673,0.5937,0.1741,0.4541
2024-11-09,S1,2,mlflow-S1-0040,0.00138,2157.1,798.5,0.00109,0.804,0.023,0.0596,False,False,False,0.796,0.5173,0.2937,0.5571,0.1953,0.4308
2024-11-09,S2,2,mlflow-S2-0040,0.00169,1600.2,754.0,0.00257,0.8593,0.0156,0.0398,False,False,False,0.8077,0.5036,0.2696,0.5823,0.1984,0.4421
2024-11-09,S3,2,mlflow-S3-0040,0.00284,1866.9,887.2,0.00228,0.8303,0.0943,0.0426,False,False,False,0.7738,0.4993,0.2961,0.5985,0.187,0.4157
2024-11-09,S4,2,mlflow-S4-0040,0.00413,1508.6,713.2,0.00234,0.8375,0.0032,0.0042,False,False,False,0.7661,0.4556,0.2647,0.6373,0.1737,0.4327
2024-11-10,S1,2,mlflow-S1-0041,0.00464,1509.5,804.8,0.00187,0.78,0.0695,0.0714,False,False,False,0.7809,0.5051,0.2373,0.6262,0.2094,0.4228
2024-11-10,S2,2,mlflow-S2-0041,0.00295,1976.2,664.3,0.00214,0.8237,0.0668,0.0513,False,False,False,0.7782,0.5561,0.2793,0.6142,0.1689,0.4248
2024-11-10,S3,2,mlflow-S3-0041,0.0018,1687.0,827.2,0.00198,0.8087,0.0993,0.1025,False,False,False,0.7548,0.5027,0.2887,0.6217,0.1747,0.4186
2024-11-10,S4,2,mlflow-S4-0041,0.00259,1308.5,790.8,0.00215,0.8139,0.012,0.0537,False,False,False,0.8061,0.5083,0.2713,0.6451,0.2106,0.4261
2024-11-11,S1,2,mlflow-S1-0042,0.00244,1700.4,811.9,0.00189,0.8259,0.0876,0.0989,False,False,False,0.7265,0.5564,0.3005,0.6103,0.1814,0.3926
2024-11-11,S2,2,mlflow-S2-0042,0.00319,1471.6,742.6,0.00179,0.7875,0.0335,0.0243,False,False,False,0.7513,0.5272,0.3161,0.6198,0.1986,0.4153
2024-11-11,S3,2,mlflow-S3-0042,0.00096,1678.2,863.5,0.00201,0.816,0.1993,0.0286,False,False,False,0.7505,0.486,0.2452,0.5898,0.2016,0.4243
2024-11-11,S4,2,mlflow-S4-0042,0.00131,1976.9,707.5,0.00219,0.8197,0.0029,0.0659,False,False,False,0.7331,0.4939,0.2642,0.5936,0.1865,0.4205
2024-11-12,S1,2,mlflow-S1-0043,0.0007,1769.1,846.8,0.00175,0.8364,0.0252,0.0195,False,False,False,0.7625,0.5183,0.2936,0.5714,0.2114,0.4198
2024-11-12,S2,2,mlflow-S2-0043,0.00265,1108.1,688.3,0.00115,0.817,0.0145,0.0203,False,False,False,0.7704,0.4849,0.3061,0.5831,0.1833,0.4145
2024-11-12,S3,2,mlflow-S3-0043,0.0014,1379.1,914.3,0.00237,0.8214,0.0115,0.048,False,False,False,0.7678,0.4918,0.2817,0.6179,0.1851,0.438
2024-11-12,S4,2,mlflow-S4-0043,0.00258,2041.4,778.7,0.00129,0.7953,0.0973,0.0099,False,False,False,0.7381,0.4994,0.2968,0.6246,0.2228,0.4471
2024-11-13,S1,2,mlflow-S1-0044,0.00301,1641.3,812.1,0.00244,0.8372,0.1533,0.0694,False,False,False,0.7504,0.4928,0.3063,0.6461,0.1966,0.4368
2024-11-13,S2,2,mlflow-S2-0044,0.00394,1934.6,738.0,0.00219,0.8275,0.1079,0.0363,False,False,False,0.7717,0.5021,0.2852,0.5767,0.1992,0.4325
2024-11-13,S3,2,mlflow-S3-0044,0.00232,1453.0,883.4,0.00209,0.8199,0.0296,0.0415,False,False,False,0.7409,0.5191,0.236,0.6219,0.2314,0.4374
2024-11-13,S4,2,mlflow-S4-0044,0.00285,2288.3,732.2,0.00314,0.8026,0.0273,0.0242,False,False,False,0.7377,0.5099,0.2813,0.636,0.2113,0.4453
2024-11-14,S1,2,mlflow-S1-0045,0.0027,1818.4,844.6,0.00238,0.8402,0.0575,0.0225,False,False,False,0.7685,0.5153,0.3031,0.605,0.1716,0.4118
2024-11-14,S2,2,mlflow-S2-0045,0.00143,1982.9,701.7,0.0017,0.8355,0.0128,0.035,False,False,False,0.8139,0.5476,0.2869,0.6168,0.2123,0.4556
2024-11-14,S3,2,mlflow-S3-0045,0.00164,1432.5,903.1,0.00211,0.8322,0.0434,0.0349,False,False,False,0.7598,0.5314,0.2768,0.5944,0.1845,0.438
2024-11-14,S4,2,mlflow-S4-0045,0.00149,2321.2,720.6,0.00125,0.8246,0.1255,0.1648,False,False,False,0.7606,0.5105,0.2529,0.6211,0.1996,0.4357
2024-11-15,S1,2,mlflow-S1-0046,0.00092,2034.4,921.4,0.00268,0.8272,0.0041,0.0449,False,False,False,0.7672,0.4594,0.2456,0.6374,0.2166,0.4275
2024-11-15,S2,2,mlflow-S2-0046,0.0012,1709.9,645.7,0.00187,0.8549,0.05,0.0397,False,False,False,0.7431,0.5141,0.261,0.623,0.1838,0.4636
2024-11-15,S3,2,mlflow-S3-0046,0.00259,1943.1,789.7,0.00201,0.8261,0.0274,0.0178,False,False,False,0.7725,0.4866,0.2319,0.5877,0.2103,0.446
2024-11-15,S4,2,mlflow-S4-0046,0.00314,1898.4,691.4,0.00201,0.7858,0.0143,0.0324,False,False,False,0.7578,0.4902,0.2787,0.6283,0.206,0.4106
2024-11-16,S1,2,mlflow-S1-0047,0.00224,1777.7,729.4,0.00247,0.8071,0.0464,0.0396,False,False,False,0.7856,0.535,0.2852,0.6209,0.1769,0.4237
2024-11-16,S2,2,mlflow-S2-0047,0.00088,2115.8,769.3,0.00176,0.8208,0.0533,0.0655,False,False,False,0.7597,0.4861,0.2412,0.6159,0.1701,0.4292
2024-11-16,S3,2,mlflow-S3-0047,0,1826.6,825.4,0.00169,0.8374,0.0098,0.015,False,False,False,0.7711,0.5196,0.2642,0.6098,0.1853,0.4442
2024-11-16,S4,2,mlflow-S4-0047,0.00142,2026.0,706.4,0.00171,0.8345,0.0319,0.032,False,False,False,0.754,0.4885,0.2862,0.6061,0.1839,0.4471
2024-11-17,S1,2,mlflow-S1-0048,0.00288,1832.9,733.2,0.00224,0.7808,0.0714,0.008,False,False,False,0.8007,0.4604,0.2494,0.5957,0.2038,0.3974
2024-11-17,S2,2,mlflow-S2-0048,0.0012,2163.8,754.1,0.0017,0.8403,0.0068,0.0453,False,False,False,0.7557,0.4974,0.2584,0.6192,0.2102,0.4012
2024-11-17,S3,2,mlflow-S3-0048,0.00267,1486.7,856.4,0.00215,0.8403,0.0019,0.0124,False,False,False,0.8026,0.5423,0.3011,0.625,0.2002,0.4628
2024-11-17,S4,2,mlflow-S4-0048,0.00274,1596.6,685.3,0.00221,0.7921,0.0462,0.0855,False,False,False,0.7473,0.5202,0.2863,0.6293,0.1745,0.4145
2024-11-18,S1,2,mlflow-S1-0049,0.00205,1611.3,907.4,0.00209,0.8371,0.0797,0.0295,False,False,False,0.8198,0.5089,0.2576,0.6328,0.1805,0.4042
2024-11-18,S2,2,mlflow-S2-0049,0.00087,1445.4,736.1,0.00158,0.8026,0.0298,0.0213,False,False,False,0.7878,0.5347,0.2734,0.6303,0.1743,0.4642
2024-11-18,S3,2,mlflow-S3-0049,0.00262,1879.7,780.6,0.00249,0.8106,0.0489,0.041,False,False,False,0.7579,0.5199,0.2885,0.611,0.2275,0.405
2024-11-18,S4,2,mlflow-S4-0049,0.00229,1401.5,708.2,0.00229,0.8227,0.0405,0.0292,False,False,False,0.7797,0.4823,0.2975,0.645,0.2125,0.4248
2024-11-19,S1,2,mlflow-S1-0050,0.00397,1874.2,888.6,0.00234,0.8489,0.1274,0.0396,False,False,False,0.7805,0.5052,0.2727,0.6401,0.1788,0.4362
2024-11-19,S2,2,mlflow-S2-0050,0.00238,1732.1,594.3,0.00107,0.8148,0.1761,0.036,False,False,False,0.7695,0.5516,0.2808,0.6202,0.1962,0.4132
2024-11-19,S3,2,mlflow-S3-0050,0.00114,1649.3,859.6,0.00163,0.8101,0.0208,0.06,False,False,False,0.8172,0.4958,0.2857,0.5904,0.1776,0.3956
2024-11-19,S4,2,mlflow-S4-0050,0.00373,1672.2,728.0,0.00147,0.7731,0.1367,0.0808,False,False,False,0.7493,0.5341,0.2818,0.6063,0.2167,0.4243
2024-11-20,S1,2,mlflow-S1-0051,0.0028,1429.0,901.4,0.00172,0.8236,0.0575,0.0407,False,False,False,0.7644,0.5283,0.2751,0.6139,0.1806,0.4565
2024-11-20,S2,2,mlflow-S2-0051,0.00053,1297.0,780.7,0.00092,0.8544,0.0012,0.0217,False,False,False,0.7765,0.4968,0.2904,0.6507,0.2144,0.4158
2024-11-20,S3,2,mlflow-S3-0051,0.00324,1448.4,849.1,0.00207,0.8449,0.1108,0.0525,False,False,False,0.7618,0.4772,0.3,0.6017,0.1499,0.4459
2024-11-20,S4,2,mlflow-S4-0051,0.00031,1686.6,623.7,0.00159,0.8418,0.0508,0.0754,False,False,False,0.7655,0.5114,0.3071,0.6192,0.1658,0.4042
2024-11-21,S1,2,mlflow-S1-0052,0.00266,2029.1,800.0,0.00169,0.8302,0.0232,0.1315,False,False,False,0.7646,0.5265,0.2503,0.6274,0.165,0.4346
2024-11-21,S2,2,mlflow-S2-0052,0.00115,1315.5,721.0,0.00195,0.8504,0.0665,0.0794,False,False,False,0.7766,0.5296,0.297,0.6472,0.2291,0.4159
2024-11-21,S3,2,mlflow-S3-0052,0.00239,2520.4,923.9,0.00166,0.7895,0.1245,0.0328,False,False,False,0.7678,0.5063,0.2684,0.5928,0.2023,0.4294
2024-11-21,S4,2,mlflow-S4-0052,0.00243,1308.8,769.5,0.00259,0.8414,0.1651,0.0445,False,False,False,0.7413,0.5186,0.3033,0.6314,0.2045,0.4671
2024-11-22,S1,2,mlflow-S1-0053,0.00217,1557.8,803.6,0.00201,0.8368,0.085,0.0408,False,False,False,0.7695,0.5008,0.2613,0.6006,0.1961,0.4261
2024-11-22,S2,2,mlflow-S2-0053,0.00275,1316.5,636.5,0.00148,0.8422,0.0111,0.0019,False,False,False,0.7818,0.5231,0.2693,0.5815,0.1828,0.3994
2024-11-22,S3,2,mlflow-S3-0053,0.00193,1570.0,874.4,0.0021,0.8127,0.0508,0.1418,False,False,False,0.7331,0.5585,0.2605,0.5829,0.1708,0.4447
2024-11-22,S4,2,mlflow-S4-0053,0.00222,1614.0,651.0,0.00162,0.8318,0.1004,0.0128,False,False,False,0.7564,0.5025,0.2338,0.6089,0.1977,0.4226
2024-11-23,S1,2,mlflow-S1-0054,0.0015,2136.4,845.7,0.00219,0.8301,0.0115,0.0657,False,False,False,0.7426,0.5094,0.2343,0.6016,0.2301,0.4043
2024-11-23,S2,2,mlflow-S2-0054,0.0009,1777.6,753.2,0.00234,0.8091,0.1358,0.0029,False,False,False,0.7928,0.5419,0.2603,0.5801,0.2007,0.4337
2024-11-23,S3,2,mlflow-S3-0054,0.00203,1880.4,855.0,0.00278,0.7598,0.1017,0.0129,False,False,False,0.7675,0.4905,0.3046,0.5868,0.1922,0.4528
2024-11-23,S4,2,mlflow-S4-0054,0.00034,1894.8,695.5,0.00221,0.8107,0.0468,0.0519,False,False,False,0.764,0.5517,0.2573,0.5964,0.2141,0.4257
2024-11-24,S1,2,mlflow-S1-0055,0.00106,1666.0,905.7,0.0024,0.8015,0.1499,0.0746,False,False,False,0.7749,0.5015,0.2618,0.5686,0.1636,0.436
2024-11-24,S2,2,mlflow-S2-0055,0.00151,2293.6,755.9,0.0017,0.8015,0.1032,0.0187,False,False,False,0.8229,0.5119,0.2527,0.5692,0.1753,0.4589
2024-11-24,S3,2,mlflow-S3-0055,0.00175,1049.9,828.7,0.00185,0.8474,0.0346,0.0075,False,False,False,0.7761,0.5545,0.3012,0.5952,0.2037,0.4526
2024-11-24,S4,2,mlflow-S4-0055,0.00433,1886.1,663.8,0.00218,0.8105,0.0121,0.0402,False,False,False,0.7705,0.4809,0.2969,0.626,0.157,0.4449
2024-11-25,S1,2,mlflow-S1-0056,0.00144,2223.8,880.2,0.00254,0.8318,0.0835,0.1039,False,False,False,0.7727,0.4845,0.2838,0.5802,0.2056,0.4403
2024-11-25,S2,2,mlflow-S2-0056,0.00072,1510.6,731.2,0.00244,0.8246,0.0555,0.0081,False,False,False,0.7655,0.4993,0.2518,0.6108,0.1736,0.4274
2024-11-25,S3,2,mlflow-S3-0056,0,2050.9,831.9,0.00204,0.85,0.1243,0.0331,False,False,False,0.7496,0.5082,0.286,0.6154,0.1928,0.4464
2024-11-25,S4,2,mlflow-S4-0056,0.00266,2165.7,721.1,0.00165,0.8136,0.001,0.0206,False,False,False,0.7602,0.5098,0.2734,0.5993,0.1983,0.4482
2024-11-26,S1,2,mlflow-S1-0057,0.00377,2106.8,810.4,0.00264,0.7914,0.0332,0.028,False,False,False,0.759,0.5496,0.2716,0.6149,0.2018,0.4295
2024-11-26,S2,2,mlflow-S2-0057,0.00064,1898.4,692.9,0.00195,0.8195,0.0365,0.0205,False,False,False,0.7396,0.5144,0.3153,0.5718,0.1715,0.4162
2024-11-26,S3,2,mlflow-S3-0057,1e-05,1251.0,812.0,0.00257,0.8127,0.0746,0.0084,False,False,False,0.7798,0.5197,0.2808,0.6628,0.1953,0.4387
2024-11-26,S4,2,mlflow-S4-0057,0.00147,1541.5,621.8,0.00136,0.831,0.013,0.0315,False,False,False,0.763,0.5312,0.2759,0.6107,0.1958,0.4399
2024-11-27,S1,2,mlflow-S1-0058,0.00124,1060.9,732.5,0.00218,0.8085,0.0274,0.0859,False,False,False,0.754,0.5124,0.2808,0.5884,0.1669,0.4685
2024-11-27,S2,2,mlflow-S2-0058,0.00175,1767.3,642.9,0.00161,0.8145,0.092,0.0045,False,False,False,0.7469,0.4951,0.264,0.5768,0.1584,0.4324
2024-11-27,S3,2,mlflow-S3-0058,0.00097,1744.4,852.7,0.00217,0.8362,0.0518,0.0576,False,False,False,0.7739,0.5271,0.2731,0.6087,0.1861,0.4269
2024-11-27,S4,2,mlflow-S4-0058,0.00263,1678.8,710.2,0.00221,0.863,0.0577,0.0575,False,False,False,0.7861,0.4855,0.2913,0.6222,0.1778,0.3808
2024-11-28,S1,2,mlflow-S1-0059,0.00275,1411.1,821.4,0.00111,0.8319,0.1469,0.0294,False,False,False,0.7587,0.5099,0.2503,0.6192,0.1997,0.4227
2024-11-28,S2,2,mlflow-S2-0059,0.00172,974.1,790.3,0.00189,0.8329,0.0146,0.0028,False,False,False,0.7838,0.4972,0.3004,0.6415,0.194,0.4269
2024-11-28,S3,2,mlflow-S3-0059,0.00298,1924.0,841.3,0.00183,0.8225,0.061,0.0252,False,False,False,0.7858,0.5493,0.2919,0.6087,0.2014,0.4212
2024-11-28,S4,2,mlflow-S4-0059,0.00088,1572.4,611.5,0.00248,0.8105,0.148,0.0255,False,False,False,0.7773,0.5161,0.2532,0.5876,0.2252,0.4179
2024-11-29,S1,2,mlflow-S1-0060,0.00246,1836.9,760.7,0.00126,0.8299,0.0248,0.0141,False,False,False,0.7908,0.4775,0.2788,0.6334,0.2069,0.4245
2024-11-29,S2,2,mlflow-S2-0060,0.00247,1987.3,666.2,0.00126,0.8373,0.0043,0.091,False,False,False,0.7571,0.5299,0.2966,0.6199,0.1906,0.4111
2024-11-29,S3,2,mlflow-S3-0060,0.00171,1651.9,861.2,0.00148,0.8249,0.1426,0.0439,False,False,False,0.7806,0.4722,0.29,0.6152,0.1718,0.441
2024-11-29,S4,2,mlflow-S4-0060,0.0021,2342.5,685.7,0.0022,0.8171,0.0898,0.1301,False,False,False,0.7737,0.5161,0.2817,0.5807,0.1628,0.3965
2024-11-30,S1,2,mlflow-S1-0061,0.00332,1950.6,813.2,0.00128,0.8034,0.0083,0.0617,False,False,False,0.7875,0.4939,0.2744,0.608,0.1462,0.4462
2024-11-30,S2,2,mlflow-S2-0061,0.00204,1135.2,690.5,0.00183,0.7993,0.0279,0.0602,False,False,False,0.7769,0.4818,0.2664,0.5704,0.194,0.41
2024-11-30,S3,2,mlflow-S3-0061,0.00228,2040.3,903.9,0.0021,0.8149,0.1297,0.1091,False,False,False,0.8142,0.5081,0.2886,0.587,0.1822,0.4305
2024-11-30,S4,2,mlflow-S4-0061,0.00141,2327.2,695.6,0.00169,0.8118,0.0195,0.0796,False,False,False,0.7796,0.5092,0.298,0.6171,0.1769,0.4166
2024-12-01,S1,3,mlflow-S1-0062,0.00339,1928.6,859.8,0.0023,0.8182,0.0876,0.0899,False,False,False,0.7661,0.5358,0.2782,0.6321,0.1727,0.4037
2024-12-01,S2,3,mlflow-S2-0062,0.00172,1655.3,743.1,0.00217,0.7891,0.0593,0.0699,False,False,False,0.755,0.5081,0.2676,0.6333,0.1984,0.413
2024-12-01,S3,3,mlflow-S3-0062,0.00329,2073.2,869.8,0.00182,0.8587,0.0638,0.0538,False,False,False,0.7732,0.4933,0.2979,0.5894,0.1773,0.4176
2024-12-01,S4,3,mlflow-S4-0062,0.00248,1485.2,680.4,0.00092,0.837,0.2149,0.0088,False,False,False,0.775,0.5,0.302,0.6326,0.2115,0.4527
2024-12-02,S1,3,mlflow-S1-0063,0.00233,1686.1,843.2,0.00255,0.8189,0.1921,0.0839,False,False,False,0.806,0.4935,0.2678,0.6289,0.2079,0.4412
2024-12-02,S2,3,mlflow-S2-0063,0.00214,1163.3,820.9,0.00181,0.8418,0.0113,0.0268,False,False,False,0.7647,0.5066,0.313,0.5841,0.1979,0.4661
2024-12-02,S3,3,mlflow-S3-0063,0.00149,1810.8,801.3,0.00282,0.7973,0.0517,0.0983,False,False,False,0.7528,0.5144,0.2577,0.6049,0.1632,0.4318
2024-12-02,S4,3,mlflow-S4-0063,0.00082,1481.8,693.3,0.00105,0.8326,0.0653,0.0798,False,False,False,0.7595,0.4924,0.2822,0.6299,0.1413,0.4172
2024-12-03,S1,3,mlflow-S1-0064,0.00326,1488.0,769.0,0.0012,0.8131,0.1005,0.0224,False,False,False,0.74,0.5005,0.2762,0.5978,0.1852,0.4107
2024-12-03,S2,3,mlflow-S2-0064,0.00111,2168.6,731.2,0.00221,0.8411,0.0323,0.0153,False,False,False,0.7816,0.5051,0.3149,0.6142,0.1909,0.4613
2024-12-03,S3,3,mlflow-S3-0064,0.00282,1589.1,883.9,0.00136,0.8151,0.014,0.007,False,False,False,0.7667,0.4909,0.288,0.6211,0.1765,0.4296
2024-12-03,S4,3,mlflow-S4-0064,0.00249,1947.7,697.7,0.00224,0.8321,0.0579,0.0229,False,False,False,0.7598,0.5167,0.2667,0.5983,0.1968,0.4312
2024-12-04,S1,3,mlflow-S1-0065,0.00132,1968.0,792.2,0.00223,0.7934,0.1058,0.0244,False,False,False,0.7793,0.5104,0.2534,0.5766,0.1915,0.4226
2024-12-04,S2,3,mlflow-S2-0065,0.00233,2111.4,730.8,0.00152,0.8327,0.0488,0.02,False,False,False,0.782,0.4996,0.3092,0.6032,0.1906,0.4554
2024-12-04,S3,3,mlflow-S3-0065,0.00219,1550.5,842.6,0.00212,0.8111,0.0407,0.0474,False,False,False,0.7661,0.5448,0.2768,0.5896,0.1851,0.4486
2024-12-04,S4,3,mlflow-S4-0065,0.00142,2135.4,680.4,0.0022,0.8055,0.0026,0.0003,False,False,False,0.791,0.5007,0.2488,0.5879,0.1764,0.4427
2024-12-05,S1,3,mlflow-S1-0066,0.00111,1506.1,814.8,0.00199,0.8183,0.1027,0.0157,False,False,False,0.7891,0.5179,0.2877,0.5948,0.1844,0.405
2024-12-05,S2,3,mlflow-S2-0066,0.00257,2053.3,698.4,0.00181,0.8033,0.0095,0.0834,False,False,False,0.7556,0.5144,0.2982,0.6081,0.1638,0.4368
2024-12-05,S3,3,mlflow-S3-0066,0.00353,1845.8,858.1,0.00197,0.7774,0.0253,0.0241,False,False,False,0.7517,0.5347,0.2609,0.6119,0.1652,0.4367
2024-12-05,S4,3,mlflow-S4-0066,0.00059,1866.5,685.9,0.00237,0.794,0.035,0.0412,False,False,False,0.7844,0.4754,0.2722,0.6197,0.1935,0.3993
2024-12-06,S1,3,mlflow-S1-0067,0.00311,1817.7,879.9,0.00179,0.8207,0.0157,0.0219,False,False,False,0.8142,0.5046,0.2868,0.5971,0.1789,0.4271
2024-12-06,S2,3,mlflow-S2-0067,0.00128,1515.3,711.8,0.00179,0.8625,0.0146,0.033,False,False,False,0.7823,0.545,0.2479,0.6345,0.1688,0.4202
2024-12-06,S3,3,mlflow-S3-0067,0.00061,1659.2,790.6,0.0017,0.8133,0.0117,0.0127,False,False,False,0.7753,0.5084,0.3059,0.6134,0.2141,0.4326
2024-12-06,S4,3,mlflow-S4-0067,0.00136,1392.6,540.4,0.00178,0.7969,0.0019,0.0641,False,False,False,0.7248,0.5235,0.2497,0.5729,0.2348,0.4451
2024-12-07,S1,3,mlflow-S1-0068,0,2202.4,818.6,0.00275,0.8015,0.0158,0.0059,False,False,False,0.7286,0.5126,0.2959,0.5909,0.2005,0.4432
2024-12-07,S2,3,mlflow-S2-0068,0.00202,2140.2,742.0,0.00281,0.8252,0.0832,0.0072,False,False,False,0.7835,0.5168,0.2888,0.6248,0.1837,0.4236
2024-12-07,S3,3,mlflow-S3-0068,0.0002,1868.4,801.4,0.00161,0.8123,0.0524,0.0287,False,False,False,0.7793,0.5064,0.2856,0.5922,0.2208,0.4624
2024-12-07,S4,3,mlflow-S4-0068,0.0014,1427.4,622.0,0.00154,0.8014,0.0243,0.0091,False,False,False,0.787,0.5136,0.2842,0.604,0.2212,0.4622
2024-12-08,S1,3,mlflow-S1-0069,0.00121,1890.7,817.1,0.00187,0.8087,0.092,0.0136,False,False,False,0.7888,0.5375,0.2989,0.6129,0.2169,0.4284
2024-12-08,S2,3,mlflow-S2-0069,0.00188,1401.7,769.3,0.00251,0.801,0.1006,0.0996,False,False,False,0.7745,0.4885,0.2738,0.6215,0.2115,0.4462
2024-12-08,S3,3,mlflow-S3-0069,0.00361,2018.0,882.6,0.00261,0.81,0.0468,0.0706,False,False,False,0.7853,0.496,0.2851,0.6121,0.1832,0.4219
2024-12-08,S4,3,mlflow-S4-0069,0.00299,2286.7,659.0,0.00161,0.8586,0.0072,0.0279,False,False,False,0.7634,0.5271,0.2783,0.6119,0.1642,0.4144
2024-12-09,S1,3,mlflow-S1-0070,0.00311,1925.8,880.4,0.00115,0.8084,0.0248,0.0335,False,False,False,0.8116,0.514,0.2622,0.5948,0.1632,0.4569
2024-12-09,S2,3,mlflow-S2-0070,0.00185,1607.6,767.4,0.00267,0.8136,0.0415,0.0145,False,False,False,0.7362,0.52,0.2936,0.6137,0.2042,0.4303
2024-12-09,S3,3,mlflow-S3-0070,0.00217,2216.3,865.6,0.00281,0.8372,0.0211,0.0021,False,False,False,0.7565,0.5343,0.3355,0.6049,0.1959,0.4397
2024-12-09,S4,3,mlflow-S4-0070,0.00209,1750.3,711.8,0.00127,0.8025,0.0189,0.0033,False,False,False,0.774,0.5217,0.3039,0.589,0.1764,0.4515
2024-12-10,S1,3,mlflow-S1-0071,0.00209,1856.3,890.6,0.00108,0.8498,0.0158,0.0637,False,False,False,0.7943,0.546,0.3101,0.605,0.2039,0.4407
2024-12-10,S2,3,mlflow-S2-0071,0.00063,2568.8,660.3,0.00303,0.8194,0.0212,0.0127,False,False,False,0.798,0.5458,0.2836,0.5975,0.176,0.4434
2024-12-10,S3,3,mlflow-S3-0071,0,1317.6,860.5,0.00215,0.8103,0.0345,0.0861,False,False,False,0.7622,0.5069,0.2858,0.6215,0.151,0.4613
2024-12-10,S4,3,mlflow-S4-0071,0,1954.9,657.5,0.00249,0.831,0.0152,0.0157,False,False,False,0.7367,0.5082,0.2654,0.5911,0.1677,0.4302
2024-12-11,S1,3,mlflow-S1-0072,0.00158,2061.2,802.9,0.00125,0.8042,0.0021,0.0916,False,False,False,0.7963,0.5053,0.2772,0.6126,0.2032,0.4431
2024-12-11,S2,3,mlflow-S2-0072,0.00124,1583.3,808.4,0.00095,0.7997,0.0711,0.045,False,False,False,0.7756,0.5163,0.2625,0.6164,0.1707,0.4187
2024-12-11,S3,3,mlflow-S3-0072,0.00124,1582.0,809.8,0.0021,0.8259,0.0658,0.0233,False,False,False,0.7785,0.5129,0.3086,0.6047,0.1964,0.4432
2024-12-11,S4,3,mlflow-S4-0072,0.001,1473.7,611.1,0.0022,0.8159,0.0201,0.0061,False,False,False,0.7741,0.5226,0.2719,0.6249,0.2021,0.4022
2024-12-12,S1,3,mlflow-S1-0073,0.00176,2263.7,1009.4,0.00198,0.8205,0.1313,0.0056,False,False,False,0.7686,0.4986,0.3154,0.6142,0.1701,0.4081
2024-12-12,S2,3,mlflow-S2-0073,0.00274,1610.0,663.2,0.00116,0.8173,0.0476,0.0406,False,False,False,0.7748,0.5429,0.2562,0.6139,0.1975,0.3972
2024-12-12,S3,3,mlflow-S3-0073,0.00181,1471.2,871.3,0.00158,0.8331,0.1269,0.011,False,False,False,0.757,0.4857,0.2879,0.5915,0.2086,0.4632
2024-12-12,S4,3,mlflow-S4-0073,0.00373,2346.1,685.5,0.00223,0.8043,0.1064,0.037,False,False,False,0.7415,0.5298,0.2627,0.6058,0.2247,0.4351
2024-12-13,S1,3,mlflow-S1-0074,0.00251,1718.6,872.8,0.00187,0.8014,0.0792,0.0782,False,False,False,0.7448,0.5234,0.2783,0.5909,0.2057,0.4336
2024-12-13,S2,3,mlflow-S2-0074,0.00244,1502.1,686.8,0.00217,0.8146,0.0805,0.0387,False,False,False,0.8,0.5161,0.2672,0.6109,0.2365,0.4517
2024-12-13,S3,3,mlflow-S3-0074,0.00185,2013.6,849.8,0.00184,0.8426,0.0342,0.0467,False,False,False,0.805,0.5001,0.2862,0.629,0.2059,0.4225
2024-12-13,S4,3,mlflow-S4-0074,0.00205,2377.4,652.1,0.00223,0.8299,0.1146,0.0325,False,False,False,0.7431,0.5143,0.3047,0.6001,0.1596,0.4295
2024-12-14,S1,3,mlflow-S1-0075,0.00198,1836.2,841.4,0.00214,0.7907,0.0859,0.1084,False,False,False,0.7629,0.5261,0.2647,0.581,0.1749,0.4203
2024-12-14,S2,3,mlflow-S2-0075,0.00401,1351.7,731.0,0.0019,0.8037,0.1105,0.0594,False,False,False,0.7769,0.5235,0.3063,0.5909,0.1476,0.4415
2024-12-14,S3,3,mlflow-S3-0075,0.00253,2155.5,765.3,0.00275,0.8226,0.1614,0.0105,False,False,False,0.7978,0.4984,0.323,0.5997,0.1597,0.4348
2024-12-14,S4,3,mlflow-S4-0075,0.00314,2180.2,677.0,0.0022,0.8198,0.1077,0.0524,False,False,False,0.7599,0.5294,0.2796,0.6338,0.1824,0.4318
2024-12-15,S1,3,mlflow-S1-0076,0.00143,1330.7,769.3,0.00256,0.8324,0.0633,0.0246,False,False,False,0.7707,0.5254,0.2711,0.6098,0.167,0.4529
2024-12-15,S2,3,mlflow-S2-0076,0.00252,1835.5,832.3,0.00259,0.8486,0.0266,0.0257,False,False,False,0.7791,0.511,0.2732,0.6338,0.1838,0.4351
2024-12-15,S3,3,mlflow-S3-0076,0.00213,1350.4,886.8,0.00239,0.8211,0.0207,0.0158,False,False,False,0.7576,0.4975,0.244,0.6208,0.1635,0.4211
2024-12-15,S4,3,mlflow-S4-0076,0,1600.9,707.2,0.00205,0.8206,0.0192,0.0845,False,False,False,0.7875,0.5016,0.2806,0.6187,0.1369,0.4585
2024-12-16,S1,3,mlflow-S1-0077,0.00166,1967.3,812.8,0.00169,0.8464,0.0963,0.0147,False,False,False,0.7594,0.5203,0.298,0.6239,0.2011,0.418
2024-12-16,S2,3,mlflow-S2-0077,0.00175,1899.8,770.2,0.00224,0.8162,0.017,0.0457,False,False,False,0.7794,0.528,0.272,0.6282,0.1829,0.4319
2024-12-16,S3,3,mlflow-S3-0077,0.00258,1401.2,847.3,0.00214,0.8233,0.0665,0.1162,False,False,False,0.7367,0.5299,0.2948,0.6489,0.1877,0.4539
2024-12-16,S4,3,mlflow-S4-0077,0.00423,1114.4,597.1,0.00175,0.7916,0.1212,0.0133,False,False,False,0.756,0.5347,0.293,0.5983,0.2037,0.4116
2024-12-17,S1,3,mlflow-S1-0078,0.0013,2153.5,787.8,0.00175,0.8108,0.045,0.1273,False,False,False,0.7388,0.513,0.3075,0.6237,0.1796,0.4274
2024-12-17,S2,3,mlflow-S2-0078,0.00032,1723.0,698.0,0.0017,0.8319,0.0313,0.0276,False,False,False,0.8141,0.5207,0.2406,0.5821,0.1888,0.4122
2024-12-17,S3,3,mlflow-S3-0078,0.00175,2224.2,864.0,0.00139,0.8486,0.0162,0.0026,False,False,False,0.7743,0.5203,0.2653,0.6112,0.2149,0.4546
2024-12-17,S4,3,mlflow-S4-0078,0.00118,1804.8,756.2,0.00187,0.7931,0.0518,0.0299,False,False,False,0.7679,0.5108,0.2852,0.6044,0.2,0.4565
2024-12-18,S1,3,mlflow-S1-0079,0.00243,1957.5,886.2,0.00237,0.8426,0.1618,0.0017,False,False,False,0.778,0.5073,0.2629,0.6073,0.1752,0.4367
2024-12-18,S2,3,mlflow-S2-0079,0.00268,1727.9,763.2,0.00174,0.808,0.0064,0.02,False,False,False,0.7899,0.5065,0.2907,0.6288,0.1574,0.4289
2024-12-18,S3,3,mlflow-S3-0079,0.00212,1245.9,862.7,0.0019,0.7912,0.1064,0.0063,False,False,False,0.7249,0.5005,0.2735,0.6077,0.1747,0.4086
2024-12-18,S4,3,mlflow-S4-0079,0.00225,1510.2,728.2,0.00224,0.8247,0.0455,0.0056,False,False,False,0.7712,0.513,0.2478,0.6099,0.1445,0.4324
2024-12-19,S1,3,mlflow-S1-0080,0.00447,1508.2,789.5,0.00241,0.8032,0.0826,0.0118,False,False,False,0.7731,0.5274,0.2707,0.598,0.1847,0.4159
2024-12-19,S2,3,mlflow-S2-0080,0.0023,2210.4,668.4,0.00142,0.8186,0.0466,0.0715,False,False,False,0.7433,0.4729,0.2787,0.5952,0.2258,0.4379
2024-12-19,S3,3,mlflow-S3-0080,0.00098,1469.6,836.7,0.00132,0.8184,0.088,0.0161,False,False,False,0.7561,0.4706,0.2505,0.6117,0.1874,0.4338
2024-12-19,S4,3,mlflow-S4-0080,0.00057,2061.8,654.9,0.00108,0.7978,0.0514,0.0038,False,False,False,0.7367,0.5275,0.2797,0.627,0.2187,0.4241
2024-12-20,S1,3,mlflow-S1-0081,0.00136,1972.9,743.1,0.00254,0.8188,0.0342,0.0568,False,False,False,0.7439,0.5038,0.2892,0.6096,0.1439,0.4162
2024-12-20,S2,3,mlflow-S2-0081,0.00251,2350.5,702.5,0.00219,0.8201,0.0323,0.0576,False,False,False,0.7516,0.4832,0.2893,0.627,0.1862,0.4173
2024-12-20,S3,3,mlflow-S3-0081,0.00301,2464.9,772.6,0.00228,0.8227,0.0256,0.0346,False,False,False,0.8008,0.5075,0.3231,0.5864,0.2052,0.4014
2024-12-20,S4,3,mlflow-S4-0081,0.00058,1925.7,716.0,0.00171,0.8312,0.0581,0.0556,False,False,False,0.7404,0.5141,0.2857,0.6142,0.19,0.4276
2024-12-21,S1,3,mlflow-S1-0082,0,1359.8,879.9,0.00235,0.8472,0.005,0.0844,False,False,False,0.7672,0.5306,0.2706,0.599,0.2081,0.4011
2024-12-21,S2,3,mlflow-S2-0082,0.00352,2352.8,709.7,0.00269,0.8093,0.0198,0.0119,False,False,False,0.7589,0.5241,0.2979,0.623,0.1797,0.3995
2024-12-21,S3,3,mlflow-S3-0082,0.00242,1693.8,779.2,0.0014,0.8143,0.1219,0.0191,False,False,False,0.7524,0.4884,0.2601,0.5896,0.1932,0.4522
2024-12-21,S4,3,mlflow-S4-0082,0.00471,2329.6,655.9,0.00247,0.822,0.1393,0.0257,False,False,False,0.7601,0.5293,0.2642,0.5974,0.1837,0.4246
2024-12-22,S1,3,mlflow-S1-0083,0,2104.0,963.5,0.00138,0.8471,0.1358,0.0041,False,False,False,0.7534,0.5138,0.2905,0.5842,0.1867,0.4447
2024-12-22,S2,3,mlflow-S2-0083,0.00107,2171.9,774.2,0.00176,0.8484,0.1555,0.0307,False,False,False,0.7807,0.5289,0.302,0.6296,0.1908,0.4438
2024-12-22,S3,3,mlflow-S3-0083,0.00203,1359.6,905.2,0.00228,0.8175,0.0462,0.0974,False,False,False,0.7514,0.5114,0.266,0.6089,0.2127,0.4382
2024-12-22,S4,3,mlflow-S4-0083,0.00169,2044.0,726.6,0.00197,0.8114,0.058,0.0947,False,False,False,0.801,0.4958,0.2568,0.593,0.1672,0.4522
2024-12-23,S1,3,mlflow-S1-0084,0.00191,1507.0,789.7,0.0015,0.8425,0.1143,0.0041,False,False,False,0.7798,0.5174,0.2845,0.6072,0.143,0.4297
2024-12-23,S2,3,mlflow-S2-0084,0.0015,1403.7,782.4,0.00263,0.8125,0.0286,0.0002,False,False,False,0.7322,0.5014,0.2974,0.6078,0.17,0.4526
2024-12-23,S3,3,mlflow-S3-0084,0.00235,1452.1,831.5,0.00179,0.8003,0.0608,0.0271,False,False,False,0.7727,0.5457,0.2666,0.5879,0.19,0.421
2024-12-23,S4,3,mlflow-S4-0084,0.00167,1526.5,602.5,0.0018,0.7941,0.0881,0.142,False,False,False,0.8185,0.5575,0.2738,0.588,0.2011,0.4094
2024-12-24,S1,3,mlflow-S1-0085,0.00172,1520.3,874.7,0.00195,0.8265,0.0486,0.0099,False,False,False,0.7337,0.508,0.2737,0.6183,0.1806,0.4101
2024-12-24,S2,3,mlflow-S2-0085,0.00208,2238.1,702.8,0.00289,0.77,0.0693,0.0135,False,False,False,0.7433,0.4552,0.281,0.5901,0.1739,0.4272
2024-12-24,S3,3,mlflow-S3-0085,0.00178,1613.5,891.0,0.00161,0.8427,0.0979,0.0791,False,False,False,0.7525,0.5285,0.2545,0.5985,0.1932,0.45
2024-12-24,S4,3,mlflow-S4-0085,0.00317,1757.2,707.0,0.00217,0.8526,0.001,0.0067,False,False,False,0.7661,0.4841,0.254,0.5562,0.2194,0.4692
2024-12-25,S1,3,mlflow-S1-0086,0.00028,2054.7,850.1,0.0019,0.8324,0.0081,0.1326,False,False,False,0.7881,0.4942,0.2583,0.6376,0.1847,0.4257
2024-12-25,S2,3,mlflow-S2-0086,0.00215,1820.0,767.8,0.00153,0.774,0.0445,0.0397,False,False,False,0.7573,0.4767,0.2611,0.5809,0.2092,0.4082
2024-12-25,S3,3,mlflow-S3-0086,0.00177,2231.1,843.0,0.00219,0.8401,0.046,0.0292,False,False,False,0.7492,0.5358,0.2838,0.5956,0.183,0.429
2024-12-25,S4,3,mlflow-S4-0086,0.00022,1944.8,732.2,0.00167,0.8032,0.033,0.0099,False,False,False,0.8103,0.527,0.2836,0.5977,0.1915,0.4263
2024-12-26,S1,3,mlflow-S1-0087,0.00084,1671.7,852.1,0.00146,0.7937,0.0126,0.0199,False,False,False,0.7356,0.5338,0.3035,0.6517,0.1809,0.4414
2024-12-26,S2,3,mlflow-S2-0087,0.00323,1962.6,767.5,0.00208,0.8103,0.0375,0.0246,False,False,False,0.7836,0.5318,0.2832,0.6057,0.2136,0.427
2024-12-26,S3,3,mlflow-S3-0087,0.00118,2084.4,753.3,0.00256,0.8369,0.0,0.0571,False,False,False,0.762,0.516,0.2513,0.5853,0.1989,0.4218
2024-12-26,S4,3,mlflow-S4-0087,0.00086,2078.4,675.9,0.00167,0.8167,0.1204,0.0539,False,False,False,0.771,0.5229,0.2684,0.646,0.2162,0.4228
2024-12-27,S1,3,mlflow-S1-0088,0.0022,2076.5,878.2,0.0025,0.8337,0.0276,0.0797,False,False,False,0.7993,0.5033,0.2849,0.6094,0.211,0.4215
2024-12-27,S2,3,mlflow-S2-0088,0.00084,2240.2,744.8,0.00277,0.8191,0.0272,0.0451,False,False,False,0.7496,0.479,0.2635,0.5972,0.2256,0.4814
2024-12-27,S3,3,mlflow-S3-0088,0.00179,1827.8,844.0,0.00188,0.8268,0.0272,0.0176,False,False,False,0.7678,0.4979,0.2654,0.602,0.2038,0.4397
2024-12-27,S4,3,mlflow-S4-0088,0.00148,2091.4,683.0,0.00248,0.8162,0.1441,0.0699,False,False,False,0.7845,0.5388,0.2671,0.6448,0.1655,0.4316
2024-12-28,S1,3,mlflow-S1-0089,0.00139,1228.1,765.2,0.00178,0.8297,0.0296,0.0469,False,False,False,0.7634,0.4915,0.3072,0.6341,0.1851,0.3977
2024-12-28,S2,3,mlflow-S2-0089,0.00091,1644.9,713.8,0.0026,0.8214,0.0233,0.0215,False,False,False,0.7464,0.5325,0.3104,0.6205,0.221,0.425
2024-12-28,S3,3,mlflow-S3-0089,0.00201,2211.0,851.5,0.00169,0.8557,0.0124,0.0402,False,False,False,0.7698,0.4671,0.3009,0.637,0.1651,0.4166
2024-12-28,S4,3,mlflow-S4-0089,0.00386,2089.9,663.4,0.00192,0.828,0.1136,0.0387,False,False,False,0.7813,0.5059,0.3109,0.6216,0.168,0.4222
2024-12-29,S1,3,mlflow-S1-0090,0.0038,1254.9,777.1,0.00227,0.8172,0.0908,0.1752,False,False,False,0.7634,0.5336,0.26,0.5871,0.2055,0.4581
2024-12-29,S2,3,mlflow-S2-0090,0.00112,1695.7,634.1,0.002,0.805,0.0136,0.1225,False,False,False,0.7883,0.4731,0.253,0.6052,0.1496,0.3977
2024-12-29,S3,3,mlflow-S3-0090,0.00106,1248.3,824.7,0.00195,0.8541,0.0696,0.123,False,False,False,0.7658,0.4927,0.2891,0.6031,0.197,0.443
2024-12-29,S4,3,mlflow-S4-0090,0.00161,1303.8,659.3,0.00231,0.8314,0.015,0.0333,False,False,False,0.768,0.4841,0.2835,0.6267,0.2162,0.4183
2024-12-30,S1,3,mlflow-S1-0091,0.00212,1728.4,762.5,0.00216,0.8013,0.0055,0.0334,False,False,False,0.7582,0.5088,0.2816,0.6199,0.1818,0.4244
2024-12-30,S2,3,mlflow-S2-0091,0.00237,1673.9,711.1,0.00171,0.819,0.0659,0.0406,False,False,False,0.7863,0.5343,0.283,0.6298,0.1836,0.4501
2024-12-30,S3,3,mlflow-S3-0091,0.00276,2299.1,901.7,0.00234,0.8263,0.0402,0.0324,False,False,False,0.787,0.4844,0.3113,0.6141,0.2023,0.4494
2024-12-30,S4,3,mlflow-S4-0091,0.00225,1775.4,572.5,0.00218,0.8313,0.1174,0.0096,False,False,False,0.7679,0.5308,0.2459,0.5989,0.1861,0.4127
2024-12-31,S1,3,mlflow-S1-0092,0.00219,1182.6,716.6,0.00199,0.831,0.0662,0.0184,False,False,False,0.7761,0.5215,0.2815,0.5758,0.19,0.4326
2024-12-31,S2,3,mlflow-S2-0092,0.0035,1350.6,824.6,0.00196,0.7987,0.0227,0.0559,False,False,False,0.771,0.4949,0.2938,0.6296,0.1901,0.4641
2024-12-31,S3,3,mlflow-S3-0092,0.00411,1073.8,861.5,0.00293,0.83,0.1187,0.0286,False,False,False,0.7411,0.4974,0.2798,0.6367,0.1887,0.4204
2024-12-31,S4,3,mlflow-S4-0092,0.00146,1856.6,690.3,0.00315,0.8172,0.0991,0.0309,False,False,False,0.7754,0.5135,0.2657,0.6194,0.1803,0.4192
